Booking ID,Customer ID,Booking Date,Destination,Number of Passengers,Cost per Passenger
AYH948IV,255,2022-02-03,London,5,743.64
UDQJTJFE,963,2022-11-25,London,7,505.76
14Z6R131,272,2022-09-20,Barcelona,2,196.41
N07HJ53F,389,2022-12-15,Paris,2,828.25
1M90G5VC,629,2022-03-21,Tokyo,9,973.6
XQ36G5LL,664,2022-05-07,Rome,8,845.45
UDM1QD1H,341,2022-09-07,Paris,9,728.91
BF12F9VF,62,2022-04-17,Tokyo,4,869.4
ZUD329I6,551,2022-02-20,Rome,7,504.98
ECU1KFSH,511,2022-06-06,Tokyo,5,565.21
1H11HMG6,354,2022-04-16,Rome,3,369.37
4RN6DGV5,281,2022-06-04,Tokyo,7,919.36
TM5QSD0L,308,2022-05-31,Rome,3,159.33
D3752BRV,777,2022-11-17,Barcelona,6,852.36
LT05XD4A,919,2022-08-29,Rome,5,751.92
2LTKKVAB,240,2022-02-23,Barcelona,1,984.82
BEH7UAW7,408,2022-10-22,London,4,422.66
O0LF2S65,882,2022-09-27,Rome,4,979.15
HPSBWTU7,672,2022-05-07,London,7,615.05
FFJXC57R,928,2022-03-28,Rome,9,672.02
ZM6R22OH,169,2022-08-11,Barcelona,6,383.49
9ORAJGOS,93,2022-11-20,Paris,6,694.54
DSXJWSBR,129,2022-10-02,Tokyo,9,588.15
NA1OXX72,245,2022-09-16,Barcelona,10,506.92
8NILD6IP,539,2022-11-16,Barcelona,3,894.14
UJBSRMKH,478,2022-03-30,London,10,596.11
5UYWSPSA,312,2022-08-27,Rome,7,963.84
V74Z6N4C,993,2022-01-19,London,10,987.83
ZJ3PBR1Y,898,2022-12-01,Tokyo,3,577.71
K93UJMLX,109,2022-04-17,Tokyo,9,126.37
3S5Q0HBM,628,2022-06-19,Tokyo,5,477.96
LMEZVNKE,148,2022-07-29,Rome,1,888.75
KB6UQOF6,958,2022-08-05,Rome,9,641.68
293RS8E3,434,2022-10-24,London,1,547.02
BXOJ5371,391,2022-07-27,Rome,8,725.67
BU9U37QM,798,2022-07-24,Tokyo,3,623.06
P1K46MXJ,558,2022-03-11,Paris,10,798.8
YPXRQJJI,923,2022-05-16,Barcelona,7,921.99
91YYCHK9,573,2022-08-31,Paris,1,457.03
62IVPOKO,273,2022-09-23,Rome,7,762.71
0501EE6P,60,2022-10-18,London,3,171.51
K22MU2V7,87,2022-03-19,Tokyo,4,212.05
DAJ6GSHM,247,2022-02-03,Paris,4,917.14
NG1UE4A3,500,2022-09-05,London,5,104.64
P88Y4WY7,359,2022-12-06,Paris,10,115.27
TFN2XJFQ,301,2022-05-11,Barcelona,7,390.99
WBEZUMQW,726,2022-08-19,London,9,941.99
UR0XA2Q7,938,2022-10-05,London,6,750.68
6V1436W2,542,2022-09-21,Barcelona,3,872.51
QTI22Z6V,476,2022-04-16,Paris,5,957.89
CGPFK2VZ,940,2022-02-07,Rome,4,369.98
EC2L1GDA,323,2022-08-17,London,10,234.62
5EVYJIEQ,675,2022-08-17,Tokyo,5,213.3
ADJ1JFAP,308,2022-06-26,Tokyo,4,820.31
7G8GPTKK,504,2022-06-02,Barcelona,4,951.81
QOINMG6N,287,2022-03-04,Rome,4,644.6
IUSSJQN1,783,2022-06-07,Paris,3,408.23
4MOHXYFL,984,2022-04-30,Tokyo,3,187.4
YVMSJH4F,589,2022-07-05,London,9,683.42
IN4RWJ0E,84,2022-10-24,Rome,5,389.43
TKANK3G1,576,2022-08-26,Paris,6,953.92
5ELASLEE,600,2022-01-04,Rome,10,408.72
7JOLIYLP,829,2022-05-11,Paris,6,829.79
WQ5G7SB4,472,2022-01-10,Paris,5,263.7
297BNPPT,915,2022-11-04,Tokyo,6,317.07
YK3P6WQL,301,2022-03-02,Tokyo,9,678.58
X3AGMBHG,775,2022-04-08,Tokyo,3,547.13
LO5HLQSA,819,2022-02-17,Rome,10,306.08
3NMTJJGY,16,2022-04-12,London,3,901.13
MZWMQ3Y1,628,2022-11-24,Paris,7,750.55
EZY3NXHO,435,2022-10-17,Paris,10,474.85
XH08ILD8,1,2022-12-10,Tokyo,4,804.45
TNXZBGCX,339,2022-07-14,Tokyo,8,708.33
FY6E9LJP,452,2022-05-10,Barcelona,8,461.07
65T71VGE,433,2022-01-13,Tokyo,10,891.97
VM2RMV83,574,2022-09-23,Tokyo,2,117.68
6S58EZ1P,685,2022-07-13,Paris,4,660.34
3N56J2A4,605,2022-11-20,London,4,691.43
1ZK6MM5I,589,2022-08-14,Paris,1,367.38
0VC4IIXZ,893,2022-05-22,London,4,820.82
CMKQRQZ7,491,2022-05-25,Paris,9,943.32
Q4K8YXTF,960,2022-12-11,Rome,7,774.6
IRB7ISI8,392,2022-12-07,London,7,363.79
RH9UPECQ,975,2022-10-07,Paris,2,779.34
C2QZ5J8S,801,2022-03-24,London,8,929.85
HYTPVS81,526,2022-09-20,Rome,4,843.22
ZR255D8R,567,2022-03-12,Tokyo,8,317.67
0S1IT30L,736,2022-08-17,Paris,10,972.48
ZQR9AGP4,723,2022-03-31,London,9,531.76
BZIM8JJM,867,2022-04-22,Paris,6,325.59
HSTIX625,148,2022-07-27,Rome,1,239.44
K9DFIABI,61,2022-11-16,Barcelona,1,381.64
J9PVON8B,863,2022-12-20,Barcelona,4,129.27
MPEA7ZMB,895,2022-05-26,Barcelona,5,989.44
NPGIMDS9,752,2022-11-10,Tokyo,10,550.56
RKBHX89H,873,2022-02-02,Rome,8,266.85
7F1NGRC0,671,2022-11-17,Barcelona,9,814.72
MON5RQ6H,312,2022-12-09,London,8,613.82
5006JEEI,603,2022-03-04,Paris,3,370.31
KQPYSXQR,740,2022-06-17,Tokyo,7,626.8
JWFLQASD,756,2022-03-12,Paris,3,126.8
057BN64M,255,2022-07-28,Tokyo,8,246.81
SJSBNM79,511,2022-12-25,Tokyo,7,163.25
F30UXTGC,936,2022-11-10,London,1,363.7
08D9JQRL,650,2022-11-21,Rome,6,835.14
0LPJO950,544,2022-05-20,Rome,1,339.33
A40IS7Z7,127,2022-08-21,Rome,10,544.17
GHG8EI55,998,2022-08-31,Barcelona,8,825.62
XV2OANO5,780,2022-08-21,Barcelona,3,707.85
JY4HFV1V,900,2022-12-24,Rome,9,850.13
9V0D1JR3,940,2022-03-03,Rome,4,569.38
K6C2XXBI,473,2022-05-07,London,4,161.52
JV7JSQA7,528,2022-12-28,Barcelona,10,685.27
5HO12E7D,754,2022-06-11,Barcelona,8,923.7
UTLDJNCH,305,2022-10-27,London,2,492.31
WHXK23DE,49,2022-11-02,London,9,239.02
G26KJGLT,368,2022-10-03,London,6,305.98
2ZXPZBUQ,627,2022-04-03,Tokyo,2,286.12
UHNB2V6P,313,2022-05-13,Tokyo,9,278.97
363Q71DV,77,2022-05-29,Rome,9,509.86
ZDBT4D1V,546,2022-03-05,Paris,9,245.6
WOQHMBRM,222,2022-03-27,Paris,8,142.37
JJ999CC5,750,2022-12-15,Paris,10,599.67
HCCMYTF7,188,2022-10-29,Tokyo,4,132.73
3ZJ9QCIP,992,2022-09-18,London,8,657.98
269NW5SR,252,2022-08-03,Rome,2,300.96
C34OVCNJ,261,2022-05-09,Paris,2,529.59
PVV6JU8Y,371,2022-10-15,Rome,6,465.27
H3JSSFCJ,376,2022-10-08,London,7,303.92
5QPHK9GD,103,2022-01-05,Rome,10,840.73
HSX02DQ3,810,2022-06-12,Rome,7,750.17
DGYWQANA,482,2022-09-02,Tokyo,9,867.63
7SJCJZ44,218,2022-08-02,Rome,8,865.36
TLT660BN,338,2022-10-29,Paris,7,747.69
GP1A1WKS,439,2022-08-24,Rome,7,488.98
XLUM440E,520,2022-08-15,Tokyo,8,477.34
2OJJP5B0,823,2022-06-12,London,8,385.89
ZFOV2QDP,357,2022-11-01,Barcelona,9,179.4
KSU6OPXW,7,2022-06-25,Barcelona,1,530.66
AH6ZDE2T,326,2022-05-20,London,7,507.52
INDBYK0J,22,2022-11-08,Barcelona,7,510.61
WK80IB1F,604,2022-08-15,London,8,984.02
N3CJPFIE,873,2022-11-30,Paris,1,836.23
7F87YAKI,927,2022-10-11,Tokyo,4,197.47
JVPJGEK9,978,2022-12-24,Barcelona,9,585.68
D97B8WTK,829,2022-01-25,London,4,615.32
OIL24GYR,755,2022-05-08,Barcelona,9,399.44
WILAJ9CC,976,2022-11-18,Barcelona,1,580.88
ASXZJW8B,757,2022-07-30,Rome,8,267.71
W7OQ700Q,832,2022-10-03,Tokyo,2,109.81
GBLJNCXY,962,2022-12-21,Tokyo,5,156.96
6LOOVRQ1,8,2022-06-30,Rome,7,393.26
6H16JIUB,576,2022-08-02,London,1,963.65
TMUE0QJW,698,2022-07-10,Tokyo,10,502.67
LPPJ9WIZ,438,2022-08-06,Paris,9,414.63
IZRSKBAX,563,2022-10-26,Tokyo,10,595.79
COXJ070G,577,2022-05-12,Paris,1,293.12
6SW5DE4W,89,2022-05-02,Paris,9,828.28
H88MLYL9,353,2022-03-07,Paris,1,900.86
MLBPJ6XQ,649,2022-03-06,Barcelona,1,202.19
GIZ9KSVE,755,2022-05-15,London,1,128.22
OFT7BRUS,33,2022-10-08,Barcelona,5,816.79
5FH46PVO,936,2022-07-16,Barcelona,3,817.61
19CGKMDS,944,2022-09-17,Barcelona,2,526.89
LK7F5L8E,933,2022-09-26,London,5,185.74
OA91V8FH,584,2022-07-10,Rome,1,169.02
U946IJKL,310,2022-01-15,Rome,9,274.88
XTQ9BTY9,471,2022-07-09,Barcelona,6,532.91
JS43C6O9,143,2022-09-26,Tokyo,10,100.57
HHP9U5VQ,61,2022-07-01,Rome,8,982.56
HNDPOQ3H,286,2022-08-21,Barcelona,5,641.8
42XZ7MEM,329,2022-10-09,Barcelona,1,858.69
YC7LA9G6,882,2022-12-20,Tokyo,6,240.04
7WUIYFZR,256,2022-07-10,London,6,413.04
PG6OH85M,921,2022-01-23,London,9,348.42
NTJ81TLA,595,2022-06-04,London,4,501.55
QDHBJ8IN,584,2022-09-04,Rome,7,364.3
ZU6DUUR2,882,2022-10-21,London,5,696.82
EX5F56OO,913,2022-03-08,London,10,814.61
YB6J5BGE,37,2022-10-24,Rome,1,984.53
8KQQPN12,607,2022-06-06,Tokyo,6,371.49
A1WKDREA,749,2022-08-16,Barcelona,1,486.56
Y1HWES5L,216,2022-11-25,Rome,5,278.37
LTHZKFU7,969,2022-06-07,Paris,5,997.51
MWBFIPBA,299,2022-11-30,Paris,5,944.67
45J2U84R,381,2022-11-03,Rome,5,801.98
VD5X2664,471,2022-08-19,Paris,10,128.11
7R8RQGBY,54,2022-03-18,Tokyo,7,734.45
DO7PY8Q2,968,2022-01-16,Paris,4,364.18
LUXOKWMA,198,2022-08-17,Tokyo,4,333.16
ZGLZ4ZL3,392,2022-08-22,Tokyo,7,251.65
4LRBW2LF,843,2022-04-20,Rome,1,669.75
XDIQTVQK,457,2022-08-16,Barcelona,8,332.74
BX6FSYPD,932,2022-12-01,Rome,10,458.93
VS8ZRL0A,917,2022-07-08,Barcelona,6,857.42
M6D2M6XO,150,2022-01-02,Rome,7,828.79
HBR1QKCG,442,2022-12-19,Rome,2,940.47
A9HH25R6,245,2022-11-25,Barcelona,4,580.69
PWEO2Q6A,869,2022-07-15,Rome,4,147.73
AVYUEU4M,43,2022-07-20,London,3,846.85
DHCP4GDP,884,2022-12-11,Barcelona,4,311.99
DKELK54S,347,2022-12-15,Barcelona,4,778.04
NZ17ODAM,784,2022-09-12,Tokyo,5,924.89
DHAOAUGA,302,2022-04-24,Paris,10,359.75
BOJMO7ZL,817,2022-01-01,Barcelona,4,748.06
AYST41E9,497,2022-05-09,Tokyo,4,543.41
FYJMMZJ6,479,2022-11-11,London,8,759.72
VOBZNPBG,817,2022-12-19,Rome,2,989.24
SPQWN25O,613,2022-11-29,Tokyo,5,894.34
A92V5VMF,696,2022-03-05,London,4,484.06
VN55MI2O,148,2022-03-23,Tokyo,9,454.0
B01KIJN9,759,2022-12-01,Rome,10,454.07
QCF32FY6,603,2022-09-13,Rome,4,918.38
RFHIF5GX,57,2022-01-11,London,4,594.33
XR7LTCOC,538,2022-07-24,London,3,305.95
T6I1QMCH,898,2022-09-14,Tokyo,8,931.92
A6U89SUQ,520,2022-05-24,Barcelona,6,466.9
GULDD4IW,849,2022-12-20,Paris,9,297.35
7RRYKRU8,262,2022-12-08,Tokyo,10,281.28
8WFGFHHD,499,2022-11-13,Barcelona,1,373.66
DK3VRY2Z,711,2022-03-11,Tokyo,1,734.21
AY3P4OLB,841,2022-03-13,Paris,9,527.06
67BDAZ9N,457,2022-12-30,Paris,6,797.98
YZFHU6RW,918,2022-11-17,Rome,10,829.63
MOUQM4PA,812,2022-07-16,Tokyo,8,709.37
THYXRIEQ,679,2022-11-22,Rome,1,858.21
MT9H3ED8,955,2022-02-05,Paris,4,464.65
PS6X41EP,676,2022-04-25,London,7,621.06
HN8F9NVM,632,2022-08-20,Barcelona,5,643.74
3PX57UKD,338,2022-07-12,London,4,426.96
C273TMLO,63,2022-03-25,Tokyo,4,734.02
VRV0CFPJ,415,2022-10-16,Barcelona,3,394.41
0SM9CHL3,489,2022-08-16,Tokyo,8,376.12
XURVP4P0,522,2022-11-29,Paris,3,326.65
U23FNMJI,834,2022-10-11,Rome,9,540.97
8S0OBMWJ,129,2022-04-20,Rome,5,890.57
LL4U6VK1,553,2022-06-11,Rome,8,247.17
CBBTAN2I,61,2022-10-17,Tokyo,5,215.93
YXFPZ632,90,2022-09-08,Barcelona,9,869.99
D8QLBBCD,925,2022-12-03,Tokyo,6,979.35
BV2WRJ3B,636,2022-06-23,Barcelona,9,903.9
FWT6IGPQ,808,2022-05-22,Tokyo,1,559.02
QJHXHJD2,601,2022-07-01,Rome,2,246.28
8XGCD5OV,720,2022-11-30,Paris,9,526.57
4OEVLU5V,364,2022-04-19,Barcelona,4,697.08
MIK3BOV7,923,2022-10-27,Barcelona,1,694.97
N92QM60N,863,2022-01-08,Barcelona,8,254.59
QPHY66OW,567,2022-04-01,London,1,606.96
YMPLIG75,998,2022-09-11,Tokyo,6,185.88
3XU94SJX,202,2022-12-28,Tokyo,10,719.01
1VVV85T5,919,2022-03-07,Barcelona,8,413.73
9FOEAIFU,315,2022-06-02,Rome,1,919.67
XP2R8O0U,499,2022-09-30,Tokyo,9,725.96
KO394LU3,678,2022-07-16,London,4,986.35
KTD7K31R,798,2022-11-28,Paris,8,899.61
GKA6WEM2,958,2022-10-30,London,4,869.06
XXOW3NQV,860,2022-01-20,Paris,7,574.55
YQN4ZMQ6,832,2022-11-18,London,8,733.71
X2I5JWUS,18,2022-11-04,Paris,9,970.22
N0MTWD4K,294,2022-01-04,Rome,5,206.11
EW4FBA0Q,448,2022-01-16,London,6,712.92
KCSEZIJ1,853,2022-11-24,Tokyo,2,375.44
7B5LQ51I,271,2022-11-17,Tokyo,1,424.98
FAI78R0G,103,2022-03-20,London,2,444.18
VQ8D4XOS,872,2022-01-15,Paris,2,397.0
QPKHFKLY,119,2022-05-13,Tokyo,10,944.31
DYQS47YR,465,2022-11-18,Barcelona,8,557.39
TS25Q6IR,286,2022-08-11,Barcelona,1,320.3
Z0QUM19F,749,2022-09-09,London,1,879.9
9JKRX6D5,297,2022-11-04,Tokyo,2,654.76
S5G7CGO4,842,2022-12-16,Rome,1,421.87
W76A5G43,975,2022-09-24,Paris,2,752.65
JMP47KTY,224,2022-10-12,Paris,4,721.89
791A3L25,157,2022-12-17,Barcelona,1,306.66
SUZQO1CD,676,2022-06-07,London,8,860.49
P9DICD0E,671,2022-09-30,London,9,631.5
0WPITG6M,770,2022-07-15,London,3,812.89
36USFJ7G,264,2022-12-22,Tokyo,9,225.98
V20BDX2O,399,2022-06-08,Rome,6,535.24
VZXAFDI4,484,2022-02-18,Rome,9,141.17
HKWR94C0,395,2022-05-25,London,6,248.79
6R7G09WA,478,2022-08-06,Barcelona,8,740.92
DCJDYJZB,242,2022-03-12,Rome,3,113.44
2I9ZW3DV,276,2022-05-28,London,6,118.85
5GLJ6NB2,598,2022-10-31,Paris,7,220.24
YGALVM6K,875,2022-04-21,Paris,9,224.04
JXRT1CLY,798,2022-09-25,Barcelona,1,132.34
S8XP05G0,873,2022-02-13,Paris,4,811.99
VJHM2ART,330,2022-04-03,Tokyo,5,841.91
1OFB2NYY,300,2022-06-24,Paris,9,586.85
C7VZKVMM,84,2022-10-18,London,3,394.66
06VQERX8,415,2022-01-22,London,5,104.9
1644ITYL,734,2022-08-08,Rome,1,405.13
MC5NRROM,819,2022-11-21,Rome,5,543.76
WQ618Z6D,240,2022-10-20,Barcelona,7,234.9
Z7UD6RPA,838,2022-08-26,Barcelona,2,266.61
L4MNK4IE,814,2022-02-11,Tokyo,6,523.8
9B05N8YH,450,2022-02-21,Tokyo,10,251.35
BNNSD0OT,378,2022-12-02,Paris,1,176.47
OKBIUSJL,73,2022-04-21,Rome,8,550.53
KK8L6CC1,994,2022-09-20,Tokyo,5,738.66
YSX2UGZL,198,2022-12-04,London,6,733.58
GQHPT582,493,2022-02-20,Tokyo,5,278.02
BV895EW6,799,2022-08-01,Rome,5,786.67
IJHSMLH0,185,2022-10-19,Barcelona,6,764.32
B40P2TP1,729,2022-06-07,London,10,766.23
3BY78VOI,965,2022-06-13,London,2,341.68
YKBYERQ4,788,2022-03-24,Barcelona,5,760.51
2MNHGMYU,764,2022-01-02,Barcelona,10,474.87
BZ3UW83G,66,2022-01-07,Tokyo,2,375.78
9PQ85GJA,31,2022-01-15,Paris,7,475.86
BIGWA2AR,158,2022-08-19,Barcelona,10,228.28
RU1O4JZ4,847,2022-03-02,Paris,9,184.04
FAOSFY91,349,2022-04-19,London,2,215.4
09XY5CJ7,516,2022-01-29,Paris,1,331.65
ED4LFVQ1,955,2022-09-11,Rome,3,335.94
W4XKHW9B,546,2022-03-07,Rome,10,954.75
24IV6AWI,577,2022-12-02,Tokyo,5,223.18
0SMHS00Q,533,2022-11-13,Tokyo,9,901.18
6UT6HEN4,311,2022-07-29,Tokyo,7,712.5
FR0EKE68,9,2022-09-03,Barcelona,2,285.07
27O9K5WJ,651,2022-11-09,Rome,9,989.92
GFUBFUVL,83,2022-11-22,Tokyo,10,836.68
UL78STLQ,914,2022-10-08,Paris,6,611.47
WYFGG0RD,426,2022-06-22,Paris,7,628.0
D2FT0KSW,599,2022-03-21,Paris,10,323.45
YT4HCUZM,658,2022-10-13,Tokyo,6,184.83
SP0MOFQX,602,2022-11-18,Rome,2,407.17
571MF92N,891,2022-03-25,Tokyo,10,642.89
3FCU32RA,664,2022-05-13,London,9,284.12
YCYBHEZ5,431,2022-12-17,Paris,4,194.02
YL8VIIK0,813,2022-01-29,Tokyo,2,514.11
N7DYX7EH,885,2022-12-07,Barcelona,10,172.63
P69VGKT0,881,2022-01-28,London,9,651.9
3G6DGLB3,757,2022-03-03,Tokyo,7,259.5
1JZUD1DW,694,2022-06-15,Barcelona,2,182.35
7QRVHLWW,546,2022-06-14,Paris,2,609.16
4X93BKWQ,207,2022-12-13,Barcelona,6,420.44
LYDEQI3H,628,2022-07-23,Barcelona,3,183.48
IE1KXPJI,609,2022-09-20,Rome,2,548.76
9MNKAQR9,538,2022-07-02,Barcelona,4,936.34
KRAV6JIH,860,2022-04-26,Tokyo,5,197.03
D2AP14T3,690,2022-12-24,Paris,6,650.24
8X7UXBBQ,276,2022-05-11,Tokyo,9,431.04
I69YGEVM,107,2022-01-26,Tokyo,9,394.05
GGFLKGP0,388,2022-01-05,Paris,9,361.85
L6TN8Z5F,461,2022-09-11,Tokyo,3,994.35
NNVRNLX1,771,2022-02-08,Rome,8,432.49
MF9BYJRG,987,2022-09-21,Paris,5,349.92
X90DDIWE,597,2022-04-08,Paris,1,384.88
H41GE83F,91,2022-12-10,Rome,4,898.19
JCFMH3AH,185,2022-04-05,Tokyo,9,480.62
W81PSN2P,331,2022-02-12,Rome,10,883.9
4DGCXE8O,299,2022-08-14,Rome,9,916.6
TFW8ZB5V,667,2022-05-05,London,1,205.97
BODXVOBH,805,2022-05-10,Paris,8,692.84
2XPFC8PE,173,2022-03-25,Rome,5,308.42
N8DNWJ3N,480,2022-11-21,Paris,1,317.43
LJR04G4V,706,2022-09-09,Paris,9,748.31
DCYIF19I,703,2022-05-22,London,6,136.9
914TCHN0,554,2022-12-10,Paris,6,220.1
QKO0DV8G,131,2022-02-03,Barcelona,8,150.31
DXW4C0Q1,838,2022-07-17,Tokyo,4,887.28
W52KN8EK,902,2022-01-12,Barcelona,1,276.03
81LXDFSZ,226,2022-01-22,Barcelona,3,567.68
L4MK4JMQ,303,2022-10-28,Barcelona,3,934.58
BDEYAR09,223,2022-08-27,London,8,153.34
D1OMP8N7,826,2022-01-14,Tokyo,2,988.1
AB44JXHT,557,2022-02-20,London,8,739.24
86II817J,20,2022-01-28,Tokyo,1,808.63
YJ7T66GM,981,2022-08-18,Tokyo,1,861.88
FZRXKJHX,887,2022-07-03,Barcelona,5,609.36
LWGMQCH1,324,2022-11-02,Barcelona,9,133.34
HEDTQW42,603,2022-05-17,Rome,5,750.76
21DB9HF3,882,2022-07-05,London,1,642.81
RHOU959U,990,2022-04-20,Paris,5,536.84
LTEZSL8S,732,2022-02-20,Barcelona,8,754.6
JYQZPPGB,890,2022-10-31,Paris,9,998.29
WHE9FOK4,155,2022-03-02,Paris,6,535.25
LI4YDLQ3,167,2022-11-08,Tokyo,3,815.31
PHGBY01G,590,2022-03-24,Paris,9,502.04
IE5T6KCW,319,2022-09-10,Tokyo,4,699.15
T2NBHXLG,284,2022-11-16,London,5,213.53
BXKOPM9B,909,2022-05-19,Barcelona,4,983.63
5JHL0FJT,411,2022-01-06,London,8,500.82
T7TOEUB2,206,2022-06-02,Barcelona,5,147.01
3FECY5VV,263,2022-11-09,London,6,736.24
BYMDP1F0,861,2022-06-27,Paris,7,685.9
NEN4VV49,282,2022-11-22,Tokyo,7,324.81
TDQR8G6E,941,2022-08-08,Barcelona,4,330.13
26FNWEZ5,925,2022-10-26,Rome,5,602.86
OBBPT0AK,559,2022-10-03,Tokyo,1,755.27
FK9DHO8S,664,2022-05-31,Rome,4,584.22
NYP6SL9A,290,2022-11-12,Paris,7,306.76
VTTDNP42,643,2022-03-04,Rome,8,909.14
G5KJXLBJ,666,2022-06-22,Tokyo,6,279.2
AIN8FGV0,789,2022-01-10,London,7,162.23
RYCA4B32,905,2022-06-10,Tokyo,5,306.73
PN605V2F,668,2022-12-14,London,4,501.93
QOR9NMD7,633,2022-03-03,Paris,6,277.35
EXI6SZLD,73,2022-12-19,London,7,923.39
4EVOZ52W,464,2022-10-02,Barcelona,9,968.05
0NQJ3SFJ,29,2022-09-22,Barcelona,1,632.28
DOD2GTHX,629,2022-09-30,Tokyo,3,929.77
2QAAV0TS,691,2022-01-27,Barcelona,5,240.52
Q3X7EIM9,181,2022-08-28,Barcelona,5,183.68
BZCCXVWY,428,2022-10-29,Tokyo,4,675.64
MT7VGYZ0,326,2022-12-14,Barcelona,6,139.27
F82AOU9P,380,2022-07-23,Paris,8,227.78
UGT3OVWQ,401,2022-11-22,Paris,8,617.13
VUZYR7OV,792,2022-10-15,Rome,9,260.0
7DEJACSH,418,2022-09-02,Barcelona,7,288.83
4EIBATN7,54,2022-11-29,Barcelona,8,579.15
ZPU0HLX8,681,2022-09-10,Rome,9,327.17
RPGG8JEH,134,2022-10-03,Paris,4,459.66
JO0RR8CM,660,2022-04-04,London,3,320.39
2M5JQAHT,203,2022-07-10,Barcelona,2,886.2
U5CK93GU,47,2022-01-23,London,2,677.56
C1U64UK9,975,2022-08-09,Rome,8,524.35
HBLGPIOA,894,2022-11-27,Barcelona,7,919.95
LTU5LIGJ,309,2022-02-16,Paris,5,502.79
NBVJ7KKZ,781,2022-08-04,Barcelona,10,801.97
R5OR6X7P,777,2022-01-14,Rome,5,674.82
HVDAJG1E,842,2022-07-14,Paris,10,443.7
9HOJQSWA,296,2022-03-24,Paris,7,652.04
C7DVJW8H,373,2022-07-03,Paris,4,339.5
4AWJ66NR,250,2022-06-09,Barcelona,3,951.45
YE1R9VAV,599,2022-08-02,Paris,7,405.54
O1Q0MM35,818,2022-07-06,Tokyo,3,848.5
NY9QY0GJ,474,2022-06-19,Tokyo,10,981.7
PGGL915Y,919,2022-05-02,Barcelona,10,636.35
BPAPJISW,13,2022-12-13,London,3,152.55
592V1CZX,733,2022-09-21,Paris,3,619.43
4JEIZ5KC,408,2022-10-08,Paris,4,820.55
W88FFN5J,581,2022-10-14,London,3,806.66
6RPVDIE8,15,2022-10-03,Tokyo,5,327.93
R4BKC2QG,889,2022-09-17,Barcelona,10,899.24
RJUVJJNL,292,2022-03-11,Barcelona,5,407.32
JWSBBBAI,880,2022-10-31,Tokyo,6,351.89
IPJ0WZ40,368,2022-04-05,Rome,2,664.3
ZHUAFG72,438,2022-09-17,London,4,575.0
DFJS17J6,525,2022-03-15,Tokyo,4,200.59
2664BZ2P,639,2022-11-17,Paris,2,117.22
GL3N9CXH,623,2022-04-07,Barcelona,1,788.58
8HCRAU7J,318,2022-06-08,Rome,7,383.32
BV5ROPZ9,958,2022-10-10,Paris,9,388.9
463GV5ZX,412,2022-02-13,Tokyo,2,602.4
76H5FUNU,547,2022-03-25,Paris,8,341.84
XSLLFF5P,718,2022-07-29,Tokyo,1,756.93
XSCLQV5P,846,2022-06-23,Tokyo,5,263.52
0TEINZ44,940,2022-08-24,London,9,595.92
OXZ0UXMV,211,2022-05-20,Rome,2,293.55
OR10G4C0,949,2022-08-30,Barcelona,1,235.29
RAG14I7T,742,2022-06-04,Tokyo,5,677.36
8U1Q4SFH,610,2022-08-31,Tokyo,10,254.96
Y2SP9GVP,791,2022-08-07,Tokyo,8,740.66
31MN9KXJ,33,2022-04-06,London,5,293.65
FP7WW3DI,815,2022-10-25,London,7,706.91
9RZSZQX7,143,2022-05-19,Barcelona,8,656.18
0LG7MZ1R,548,2022-01-02,Tokyo,1,997.95
C2SL6HQ1,525,2022-07-21,Paris,3,949.35
N55YOAGF,486,2022-12-01,Barcelona,7,117.47
3RB9AG4R,673,2022-01-26,Paris,9,628.99
PQNXAPGG,52,2022-01-01,Tokyo,7,108.24
0NZ4SMFW,849,2022-01-06,Rome,3,578.82
R9RQ2BDB,259,2022-10-20,London,9,848.25
EX3TKK9Z,34,2022-06-02,Barcelona,9,116.64
VC27KRKK,197,2022-06-28,Tokyo,8,265.73
SMH50VLI,786,2022-01-02,Paris,10,714.52
ZQLY580A,348,2022-08-23,Rome,8,607.8
GH8NIEHD,692,2022-12-08,Tokyo,9,721.5
VBWOQ13A,110,2022-12-28,London,5,539.88
JX2QXVMA,124,2022-03-04,London,3,386.98
AF6WNF5Q,368,2022-02-15,Paris,5,582.66
EBTYEK4Z,6,2022-10-31,London,10,365.55
D71ZNO98,18,2022-01-21,Paris,1,244.9
22TEYL4O,648,2022-06-10,Barcelona,5,174.32
38CEP4A6,717,2022-11-14,Barcelona,4,267.88
C5BA3YTS,956,2022-07-26,Tokyo,2,115.32
KB7IIJWY,166,2022-11-15,Rome,5,815.34
TH9H5XKQ,310,2022-11-08,Paris,7,140.38
2QU2VJIT,19,2022-09-22,London,7,129.98
2J53V5LT,844,2022-12-17,London,2,877.3
Y2YOOY7N,573,2022-04-04,London,3,456.66
70UGYOW2,272,2022-05-04,Paris,5,424.68
8FUCHA12,56,2022-01-13,London,8,926.19
7W2T618A,590,2022-07-01,Paris,7,338.19
WSH28V91,611,2022-08-17,Rome,8,162.09
QIL321U6,727,2022-12-29,Paris,8,501.5
SD7BC5L9,679,2022-08-05,Paris,7,907.53
H2D5GI1E,446,2022-08-26,London,4,193.71
OKDAQQQC,670,2022-11-12,Rome,1,689.95
KMGZ9QNP,917,2022-01-16,Barcelona,8,571.15
AC1KQDWP,830,2022-04-05,Paris,3,332.38
9B4BGYY9,173,2022-03-30,Tokyo,3,744.82
FXEVTLS7,195,2022-11-10,Paris,8,922.23
0URR6Z0Z,776,2022-11-18,Barcelona,2,571.95
RNZA2086,119,2022-01-13,London,8,364.74
9K86ZACK,441,2022-04-22,London,1,548.96
P6UNDXLB,826,2022-09-19,Barcelona,3,755.22
C2WSPGU5,739,2022-06-24,Barcelona,2,961.65
B51EKEGK,346,2022-11-16,London,2,290.41
WDTP04GW,186,2022-05-02,London,10,685.18
71YSCN7H,350,2022-12-12,Tokyo,7,803.15
ZFOILDXU,691,2022-06-25,Paris,3,724.98
R2WUO3OO,813,2022-09-23,Rome,7,608.19
S1CMA1B3,240,2022-01-22,Barcelona,10,160.2
1LVUCE9Y,138,2022-08-21,London,8,424.46
E38ONNNG,983,2022-01-04,Paris,1,870.59
JXKOTMN5,411,2022-05-13,Tokyo,10,969.58
T32RHNXK,305,2022-03-20,Barcelona,4,374.62
26W0G1V4,214,2022-09-15,Paris,10,501.29
NW63HW4I,996,2022-09-06,Barcelona,5,433.67
LL9H4W2W,407,2022-04-09,Rome,3,931.07
IYU0LCKJ,786,2022-11-22,Tokyo,5,892.54
MS2KURS0,846,2022-10-09,Barcelona,1,410.92
POY5YRZK,360,2022-04-13,Paris,6,500.75
EW6T1BP9,914,2022-06-06,Rome,10,397.2
PVOYI0G2,100,2022-10-16,Paris,10,273.86
D08QX3CA,787,2022-03-25,London,9,458.66
DOT3AWML,730,2022-05-24,London,9,634.78
JNMWHS73,778,2022-02-07,Barcelona,5,282.36
PR9APOO9,478,2022-03-14,Barcelona,9,908.05
Z223C3LG,465,2022-09-29,Barcelona,4,556.92
3YVW2Y1R,795,2022-04-08,Rome,3,812.79
OPQV1PC3,279,2022-06-21,Barcelona,10,220.33
9TYFL5OK,322,2022-01-08,Rome,6,367.28
A6ANAH6B,458,2022-09-12,Rome,9,508.96
OAZ3J9OM,257,2022-04-04,Paris,9,967.01
HCSKX364,398,2022-09-13,Barcelona,10,824.18
QXD9XL2A,741,2022-05-06,London,9,422.85
TWWWNTHE,364,2022-02-10,Barcelona,1,789.49
U0AR58MI,437,2022-06-08,Rome,9,921.66
MJMIDSQ2,615,2022-09-30,Rome,3,263.43
Q564GHPB,403,2022-03-11,London,4,459.46
HP1T1IHH,920,2022-08-23,Paris,1,874.86
1L9A7HBV,670,2022-01-20,Tokyo,5,169.09
P8LE8A6Q,44,2022-06-30,Paris,3,297.75
INHXI8EH,634,2022-11-09,London,7,341.53
G4FMW0AT,272,2022-01-13,Tokyo,7,593.03
81BMC033,935,2022-09-25,London,10,670.09
8706G0SC,950,2022-11-05,London,7,195.16
E0X77RQD,375,2022-10-31,Tokyo,3,652.32
WYMIONF5,602,2022-02-16,Barcelona,5,351.89
0JIXWOP0,440,2022-10-29,Paris,6,306.76
GX2SREW6,515,2022-11-01,London,7,870.89
CDWPHYHJ,895,2022-11-30,Tokyo,10,322.77
LMMQJM02,226,2022-10-22,Rome,9,385.07
B49ZHZCK,799,2022-03-20,Barcelona,10,132.9
OOBYUIEC,567,2022-03-07,Paris,6,448.28
JIFI1TKF,269,2022-10-19,London,5,667.73
JXZG0QKU,321,2022-05-05,Barcelona,3,498.1
GEOFXGK5,439,2022-06-06,Rome,1,181.85
UBCS2JH8,963,2022-02-16,Paris,4,659.05
VTHSILL1,846,2022-07-27,London,2,601.98
P5IR4HYZ,180,2022-10-15,Tokyo,9,933.4
9R7XGPZ1,509,2022-03-15,Paris,6,704.5
GXK3GOAX,898,2022-12-03,Rome,7,341.37
SBOVHXL7,567,2022-08-24,Barcelona,6,626.99
688E987S,954,2022-04-05,Barcelona,1,794.15
V87XX8KO,785,2022-09-06,Tokyo,5,367.75
OMZ5J84O,213,2022-03-05,Paris,2,106.3
FYVSD8CM,71,2022-09-10,Paris,3,712.58
XZS8KAJQ,532,2022-06-05,Barcelona,8,774.43
98NHNLCM,467,2022-05-22,Barcelona,7,643.33
XQFVDI3A,895,2022-08-25,Barcelona,9,434.32
F415Q0WI,193,2022-06-18,Barcelona,10,555.17
92DNPAT6,52,2022-12-27,Rome,10,914.12
KOZ0D9IW,910,2022-01-25,Tokyo,2,712.91
IGOEG0IY,314,2022-04-11,Barcelona,10,542.84
WC0ZKENN,65,2022-02-21,Barcelona,6,407.64
L9AM0ZMP,127,2022-07-09,Paris,1,234.41
81BSQ3B6,371,2022-08-25,Paris,5,352.64
FMOJ7QAA,357,2022-03-04,Paris,7,465.17
MWXNJYBP,358,2022-11-12,Tokyo,3,443.41
9TJDYDPA,60,2022-02-21,Paris,9,155.15
7ZIEL9VQ,842,2022-06-06,Tokyo,8,353.54
2ZL0GJVR,110,2022-05-10,Barcelona,4,166.61
XZNVY236,865,2022-11-23,London,3,881.57
4W4JIDDC,391,2022-09-11,Barcelona,1,914.58
400S9KG5,849,2022-10-08,Paris,4,409.18
PE5LFW5J,469,2022-09-06,Tokyo,10,335.74
132DNJA1,718,2022-11-18,Barcelona,8,917.85
TG1P520U,472,2022-08-26,Barcelona,8,217.61
X8KVX0LY,182,2022-05-26,London,9,410.08
47FWPXMB,461,2022-02-02,Rome,10,762.05
0RLTMJQH,704,2022-04-06,London,3,389.41
1XKMUOR4,285,2022-01-11,Barcelona,7,821.88
57J3BLR8,150,2022-09-16,Tokyo,2,339.93
THQPA7AZ,620,2022-04-27,Tokyo,6,554.75
N7FTYF9K,949,2022-09-14,Tokyo,5,420.01
W6JSY22J,775,2022-07-08,Barcelona,8,280.88
77SBN92Y,2,2022-02-21,Rome,4,507.31
OEFD0JME,277,2022-07-18,Tokyo,5,113.02
F84WFQV5,400,2022-02-07,London,2,305.76
360H4UXV,562,2022-12-13,Rome,4,259.65
R09PYLKH,163,2022-06-03,London,9,935.54
LGX2MIZ3,434,2022-02-12,Barcelona,9,384.28
Y4SWZJTN,300,2022-11-29,London,9,912.8
K4M88J5J,608,2022-03-24,Tokyo,5,865.26
5NBRRA55,17,2022-01-09,Tokyo,6,759.77
QOHPPUUF,202,2022-02-03,Rome,3,397.83
T1Y34SU1,217,2022-05-03,Rome,1,856.47
EKDP55VL,855,2022-08-21,Paris,3,940.83
HHYX0JI3,212,2022-11-26,Paris,9,982.81
EMKQQ766,685,2022-01-04,Paris,3,672.69
6ZBGS0ZN,75,2022-08-26,Tokyo,5,240.61
XOPXYUH4,373,2022-06-12,London,8,719.21
ZU4ER84Z,361,2022-01-21,Paris,10,749.61
QTTHKF8K,315,2022-03-12,London,1,729.0
PE40Z3T0,120,2022-11-17,London,6,759.11
O0AMS0YB,515,2022-07-10,Barcelona,2,539.63
V9EAI5XJ,314,2022-07-26,Barcelona,5,672.48
R5PSD4HZ,915,2022-05-22,Tokyo,10,581.18
OEKY5UG2,639,2022-06-05,London,9,496.97
ZDANQJNR,450,2022-12-13,Paris,8,799.78
GJEVTABZ,655,2022-07-23,Barcelona,10,302.83
S4SJPH73,886,2022-11-13,Rome,2,833.99
RPFL7548,872,2022-11-14,Tokyo,4,290.15
MPF7CPBC,292,2022-12-27,Tokyo,10,280.45
HJSIQXD0,630,2022-10-31,Rome,8,648.85
86M2ZASC,284,2022-01-09,Barcelona,4,561.44
RZASEMC0,748,2022-07-02,London,7,422.26
RYZOHZC1,637,2022-06-18,London,8,221.45
U2O3C91Z,611,2022-09-08,Barcelona,5,936.08
F3JH93GH,291,2022-02-27,Paris,2,379.43
N6OAW2VK,119,2022-01-01,Rome,6,289.71
XK3IUVP6,613,2022-10-29,London,1,256.24
2MVU0BA2,784,2022-12-16,Barcelona,2,768.2
7X6A53UR,611,2022-06-14,Barcelona,2,484.29
0I5QOQ7B,430,2022-05-09,Rome,1,941.02
48JXRR6O,757,2022-02-08,Tokyo,6,344.39
XAWHZETL,278,2022-01-13,London,9,701.34
932HQPR6,129,2022-03-18,Rome,7,754.52
DUSAFZ36,227,2022-07-28,Rome,6,727.48
XGQ9EP9U,182,2022-10-26,Rome,10,466.8
FW5V9ADQ,757,2022-10-15,Tokyo,7,289.59
W3PUE5Y3,439,2022-12-12,Tokyo,8,362.22
FM5CLR5L,803,2022-12-08,London,8,719.48
8BK21ZM0,654,2022-06-07,London,9,329.74
2Q4O1L9Y,447,2022-12-24,Paris,8,857.56
ZAHBLP7D,232,2022-10-14,Barcelona,1,799.29
U2EKJLQM,348,2022-11-04,Rome,7,984.73
1SHCGKDX,781,2022-09-22,Tokyo,6,415.46
ZTE176PJ,491,2022-07-10,London,3,465.83
HUNW56EJ,937,2022-10-09,London,9,295.24
2DHVRIVF,736,2022-09-11,Paris,1,982.26
M06KL7AB,390,2022-12-24,Tokyo,8,419.41
B480VBII,479,2022-03-03,Rome,3,290.49
TNDRZWLB,424,2022-09-21,Paris,8,735.92
F63BYEL7,205,2022-01-21,London,10,469.66
K2QPENIB,43,2022-12-13,Rome,6,483.4
C1TE6CE6,219,2022-01-22,Tokyo,3,122.62
VI603A0M,889,2022-12-02,Tokyo,9,875.81
V6MH7Q22,662,2022-12-07,Barcelona,8,511.04
TYIAY4SH,784,2022-02-25,Paris,6,706.72
R8U8RVNL,48,2022-02-13,Paris,4,655.13
LPS739X0,897,2022-04-21,Tokyo,2,815.62
CEH40HBA,825,2022-11-28,Paris,5,474.34
61GQ9LDH,858,2022-09-20,Tokyo,4,424.25
8KS56G86,778,2022-03-13,London,6,889.18
V62Z0TMD,861,2022-01-04,Rome,1,601.99
291CBL4U,461,2022-09-09,Paris,10,527.1
P50VH924,81,2022-05-21,Tokyo,3,620.78
B2R3Q607,280,2022-08-05,Rome,4,282.53
A688HLWN,365,2022-05-30,Paris,1,810.29
X877L0SD,8,2022-10-08,Barcelona,9,593.34
1CR6G4FN,733,2022-03-02,Rome,7,235.51
BLTMH6DZ,424,2022-08-13,Paris,9,268.68
REYG5HRE,809,2022-09-24,Rome,7,254.09
L7A36KD3,481,2022-11-30,London,10,937.51
ZRZZWK7U,659,2022-07-13,Barcelona,5,353.22
UMR1GMJ3,383,2022-01-29,Paris,3,600.42
I7LUQA4I,480,2022-01-09,London,10,952.08
SZ83524E,998,2022-05-14,Tokyo,1,679.05
CJ5RUWUU,204,2022-09-29,Paris,6,166.47
XVN3SKIY,549,2022-08-03,Paris,3,988.17
LRFTZDBI,344,2022-06-07,Paris,1,889.49
2H3CI5S9,450,2022-11-11,Barcelona,4,940.49
QTGLS0ZZ,227,2022-10-16,Paris,4,613.59
CPYY7OZ1,103,2022-10-20,Barcelona,3,200.16
NX0Y4GOO,990,2022-03-02,London,9,717.55
SPEE2KKD,933,2022-07-21,Paris,2,295.46
753KETIX,503,2022-09-02,London,6,985.08
C7PFG9AL,573,2022-08-26,Paris,9,421.68
Y25PHGA3,263,2022-12-22,Barcelona,8,676.16
YQFVHXSE,526,2022-12-03,Tokyo,8,954.1
9I8DLRQH,428,2022-07-31,Paris,9,226.78
ZCTYENPF,164,2022-10-15,Paris,9,948.5
WG1BLDCX,249,2022-12-25,London,7,795.8
ERVMVW13,946,2022-07-29,Paris,9,400.53
LR9X7Y3B,999,2022-05-24,Barcelona,10,129.49
312FXYK9,432,2022-01-01,Barcelona,1,891.22
8KZPU9NS,493,2022-11-28,London,2,298.01
L0SMPVUG,755,2022-09-03,Rome,3,163.56
U6P576SC,669,2022-09-15,London,1,283.0
1N2FF1Z1,770,2022-05-31,Paris,7,561.53
BJY4HGQJ,953,2022-10-25,Paris,6,246.95
7KMRW4C4,508,2022-01-16,Rome,9,388.86
KEIE2DUB,203,2022-01-24,Tokyo,5,611.97
O6QQZY8I,341,2022-02-13,Barcelona,4,901.78
7NZPLIQ7,34,2022-11-27,Barcelona,7,304.1
KLOAKIWG,515,2022-05-21,London,1,995.66
0IDM6EYB,964,2022-06-18,Paris,5,422.04
RGK22PM4,905,2022-03-21,Rome,7,455.42
QCD755F5,86,2022-05-03,Tokyo,1,869.97
9RZKIUM3,131,2022-05-06,Barcelona,3,676.71
GEWKRPWM,356,2022-07-07,Rome,7,405.19
KJ6OBTBI,107,2022-07-07,Barcelona,9,378.65
PKPQBJ2Q,604,2022-02-28,Barcelona,3,930.23
MFPRO2X5,1000,2022-08-01,London,7,602.04
D7SS22DN,472,2022-02-26,London,10,941.03
A5GD2QK3,545,2022-03-15,Paris,7,874.76
2E9DX8MZ,202,2022-08-08,Rome,8,242.75
3KM2K49B,531,2022-12-24,Tokyo,5,761.59
C1FQ77NG,314,2022-04-08,London,8,977.98
2EG2ORSW,56,2022-07-29,Rome,6,785.46
NFJSM268,357,2022-06-15,London,9,128.13
BZXNYE3F,617,2022-03-17,Paris,9,423.89
M3PYFBYC,685,2022-06-10,Barcelona,3,911.88
FX2ZGYNM,565,2022-01-20,Paris,6,170.12
CUL16Z3K,989,2022-01-05,London,6,875.57
F74X1AH3,579,2022-07-25,Tokyo,6,485.34
JSF33JV0,220,2022-02-12,Paris,3,928.86
1SLWYAGD,477,2022-11-05,Rome,1,218.91
FSI1O7TY,287,2022-07-13,Tokyo,2,894.89
878BZCA4,790,2022-04-03,Barcelona,4,418.55
4MYPOXRE,25,2022-12-25,Rome,2,470.29
AR8XKEO8,372,2022-04-22,Tokyo,10,601.06
ENY406BL,10,2022-09-22,London,5,379.55
K5KDMX6A,989,2022-08-04,Paris,4,257.41
QB5R2EYY,953,2022-03-24,Rome,2,306.25
P2G53AIW,966,2022-10-23,Tokyo,6,276.7
I58P77HN,78,2022-03-03,Tokyo,5,248.15
GZUKISYB,916,2022-03-11,Paris,6,328.6
3FJRCEAO,331,2022-09-03,Paris,10,799.44
FP2OKYDJ,210,2022-04-23,London,7,436.06
TPVAIW49,696,2022-08-02,Paris,8,653.86
FIEYAIK4,612,2022-01-02,Tokyo,1,821.44
K1994LG3,341,2022-02-18,Rome,4,249.2
9TRHS45G,425,2022-05-16,Rome,7,250.67
TMI0NXDQ,30,2022-04-10,Paris,9,936.21
0OAQAGQI,708,2022-09-01,Barcelona,2,842.55
A4KLVJ06,942,2022-02-05,London,9,513.21
5QD4KIZ0,124,2022-12-07,Rome,6,241.11
HXSGJSLF,769,2022-12-01,Tokyo,8,850.0
WEOQ3TNZ,28,2022-02-25,Barcelona,3,845.19
Z2N7WQWN,297,2022-01-29,Paris,1,321.77
FN61XZ7Z,121,2022-01-27,Tokyo,5,599.61
WFEPWL5J,420,2022-10-14,Barcelona,10,814.28
TL0PD7V0,569,2022-05-27,Barcelona,8,487.85
W2YFYJCC,803,2022-02-23,Barcelona,6,859.28
0JF7T6H6,742,2022-04-24,Tokyo,10,172.03
QC3I7JLN,225,2022-03-15,Paris,2,991.54
KRWN0Z1O,681,2022-02-21,Paris,6,691.46
9A3WLN57,785,2022-05-08,Paris,9,953.5
ILHY6IVK,646,2022-02-26,Paris,5,906.36
SPSIGQYV,14,2022-09-17,Rome,2,337.45
28NEXWK4,419,2022-01-03,Paris,8,505.65
0VAG3BES,160,2022-03-25,Paris,10,316.88
WVFW90EQ,428,2022-10-13,London,7,868.79
WHEBJH1S,940,2022-03-25,Paris,8,849.66
LBD9DBJ3,498,2022-10-19,Barcelona,3,775.65
HDC3VRUE,363,2022-09-30,London,2,653.54
0VN08L2T,468,2022-01-27,Paris,9,392.79
SCV9XEIG,819,2022-09-25,Paris,2,416.84
PS2RULKV,91,2022-12-16,Tokyo,8,786.36
MSQ83W5E,489,2022-05-05,London,3,632.03
BLM480JC,889,2022-06-25,Paris,2,770.65
WTVU5QFU,726,2022-06-09,Barcelona,6,809.27
3Z3474ND,686,2022-04-19,London,3,882.75
E6O7LR01,132,2022-04-27,Barcelona,7,798.28
OSZSLT6F,311,2022-01-25,Tokyo,10,323.89
XB115NUD,185,2022-01-18,London,6,495.18
M8FLFWK1,947,2022-03-17,London,4,818.25
ZVZ7CX48,361,2022-09-15,Rome,2,700.0
SJRZQ608,601,2022-03-04,Rome,5,860.73
9E4XS4AA,485,2022-06-27,London,8,567.81
ZHMF807B,210,2022-10-03,Rome,1,688.42
1WL5KO1N,471,2022-01-14,London,8,526.17
9JM1URVY,267,2022-10-29,Paris,5,158.91
FB5WJTC7,874,2022-12-13,London,10,590.88
FDU07SGO,554,2022-09-03,Paris,4,916.66
8M3HMQQT,47,2022-11-09,Tokyo,4,722.5
SRAEIZPV,64,2022-07-17,Rome,5,603.67
HLPFJ4V6,830,2022-03-07,Tokyo,2,361.71
RB96A9KY,540,2022-05-25,London,10,553.55
GTSR1PH4,517,2022-01-12,Rome,5,327.06
QSE65K1V,690,2022-12-04,Rome,4,697.34
QKX1WK14,963,2022-03-22,Tokyo,8,556.91
88DU674O,801,2022-06-16,Paris,8,436.68
UGMQ6CEU,895,2022-04-22,Barcelona,5,442.2
T3ELRQJD,548,2022-11-14,London,3,919.97
7MGYLTU7,100,2022-04-15,Barcelona,6,837.2
7RPDPQ6B,130,2022-01-06,Rome,5,670.28
Y5500UP9,638,2022-02-25,Tokyo,2,894.01
E303A2G0,761,2022-10-07,Barcelona,1,346.07
KGAD0TPX,199,2022-06-08,Barcelona,2,172.98
N8F6GXPR,571,2022-12-30,Tokyo,3,206.79
DNGYBJKY,735,2022-09-26,Barcelona,5,895.4
2QQUYGEQ,984,2022-11-08,Tokyo,3,141.49
WB2V071V,155,2022-12-18,London,8,217.34
SUGRNPLP,948,2022-07-15,Rome,9,773.63
YTNGQWYP,930,2022-03-28,Rome,5,491.17
2SK03UXV,750,2022-09-09,Barcelona,5,570.76
PESM2AXZ,602,2022-11-21,Barcelona,8,442.66
XH7AGCU4,42,2022-01-08,Tokyo,6,283.53
C62RIOHJ,562,2022-11-27,Barcelona,2,372.97
AKNCQEN1,593,2022-04-20,London,4,900.93
A4SHR2GF,782,2022-02-22,Barcelona,1,914.82
LLR44RKW,878,2022-11-24,Barcelona,5,570.71
G2JHEHB5,827,2022-05-30,London,4,306.1
UBDL55XP,44,2022-11-06,Paris,8,295.01
DOLL2VBC,30,2022-09-27,Tokyo,1,525.03
AWZT2R0Q,651,2022-05-24,Tokyo,1,950.32
Y0V253OW,855,2022-12-16,Paris,9,878.46
YQZQ5ZFJ,613,2022-07-09,Tokyo,2,703.61
ZY9B8GZG,967,2022-06-25,Paris,10,226.24
UTM4FOI6,165,2022-05-31,London,2,330.0
KPHWJEZH,11,2022-03-29,Rome,6,964.99
JPAHRGVZ,692,2022-01-31,Tokyo,7,143.81
KQDVMGUU,475,2022-03-07,Paris,9,418.83
2NRNLF2Y,340,2022-03-18,Tokyo,2,208.11
XDTUGQFX,162,2022-09-04,Tokyo,7,582.42
E13ON5RL,606,2022-07-26,Tokyo,9,163.73
V0KZ4286,811,2022-03-18,London,1,429.58
VFVE4UM2,278,2022-05-31,London,3,814.35
17T1YSWH,469,2022-11-25,Paris,8,788.37
QMV309LT,516,2022-01-06,London,3,131.18
8T2VFFG0,481,2022-05-07,London,5,999.2
F3O3ESVT,358,2022-08-19,Tokyo,6,884.01
H0VODFQS,200,2022-11-07,Paris,4,133.22
TMLM80UH,392,2022-10-12,London,10,919.74
RZ051YID,782,2022-08-06,Tokyo,5,891.99
G8BAHX3J,434,2022-04-04,Barcelona,8,822.42
0WWV05AE,807,2022-04-30,Paris,2,490.52
73AI4W10,220,2022-01-07,Paris,5,471.43
OB0CYFDA,107,2022-11-18,London,7,985.3
IATOW9QL,972,2022-01-26,London,9,207.41
2780W1AO,785,2022-03-05,London,8,191.73
H0ILFV1K,470,2022-05-18,Barcelona,7,161.69
JOC5Y6O9,713,2022-11-04,Rome,6,656.65
F30THZ4M,17,2022-05-31,Tokyo,10,779.98
A0QMKK1Z,711,2022-10-04,Rome,5,817.87
IH9YDWCX,953,2022-02-08,Tokyo,5,467.9
9R6AD3KM,212,2022-02-13,Paris,7,885.34
TQ6UKFL3,790,2022-01-30,Barcelona,9,184.66
X9M67J0D,255,2022-10-02,Paris,3,594.17
RAPBSWHI,388,2022-08-12,Tokyo,7,326.78
A3J5EC1X,518,2022-12-03,Paris,8,488.58
NC468WYF,637,2022-06-11,Rome,7,734.95
EAUNS9XC,168,2022-11-19,London,3,428.91
G8J9LZU9,606,2022-02-18,Barcelona,3,445.39
956UKWCC,434,2022-09-05,Barcelona,2,414.22
HXREPCY5,178,2022-02-23,Tokyo,10,377.59
FAZHRTK7,594,2022-12-26,Rome,10,356.26
BWIY5K9G,895,2022-07-01,Barcelona,4,411.77
IVWNQ50I,261,2022-08-12,Barcelona,3,632.12
1HRYZIMY,22,2022-01-28,Rome,10,335.23
7P9ZECQO,170,2022-02-07,London,6,901.29
EMQM6TQD,48,2022-09-06,Rome,3,506.1
97IMNWM5,192,2022-12-09,Barcelona,3,311.09
YXJG14K9,174,2022-11-12,London,5,931.09
WTBX05L8,538,2022-12-27,Rome,8,675.86
IYGTBBG5,928,2022-01-28,Barcelona,9,544.78
ZGQSGEZC,926,2022-08-12,London,7,592.43
R4LDZKR3,514,2022-10-13,Tokyo,10,280.54
L7CXHTHX,435,2022-01-28,London,9,108.77
F5SZA2Q4,59,2022-12-14,Paris,2,553.1
VEBEOZ2S,598,2022-11-23,Tokyo,8,272.05
KGJDZ6JQ,477,2022-03-01,Paris,2,188.7
SBLW01O1,428,2022-12-31,Rome,3,552.68
8MAI4QZV,902,2022-12-15,Rome,8,667.07
Z8RY7NJG,31,2022-05-07,Barcelona,6,537.58
04CBH5CV,393,2022-10-19,Rome,1,512.35
9TBTMO75,836,2022-01-15,Barcelona,6,373.76
U1YYBOE8,278,2022-05-10,London,10,743.28
F1EE3454,811,2022-04-13,Paris,9,810.08
DABSZUFB,14,2022-10-12,London,6,151.85
TAGF5ID3,346,2022-12-22,London,4,543.27
IQIVFR3P,49,2022-03-12,Tokyo,4,910.26
KGQ477TE,56,2022-05-22,Tokyo,10,108.26
41VTESGD,699,2022-07-10,Paris,9,561.85
MO44S7BN,194,2022-03-13,Tokyo,1,288.24
ZQ7Q611F,382,2022-11-15,Rome,5,256.83
K2OPS52G,869,2022-02-15,Paris,10,300.46
JVWG3P6K,121,2022-01-07,Rome,9,834.13
H9EPQMA7,449,2022-05-30,London,6,421.87
671U6ESR,673,2022-12-05,Rome,6,511.68
TL6NE1GK,307,2022-10-10,Tokyo,8,281.63
VAHWUKDQ,853,2022-06-06,Barcelona,5,279.91
SHYDN2OB,530,2022-09-21,Rome,4,479.76
6X1FJ71T,282,2022-01-07,London,5,379.47
I74SAMFZ,733,2022-12-14,Barcelona,4,199.7
PMBOCLT4,44,2022-01-24,Rome,7,298.48
LGNKCXP4,466,2022-07-16,Paris,4,568.07
MAPXW0CR,482,2022-07-21,Rome,3,432.87
9OFR5WTD,777,2022-10-27,Paris,1,768.89
H98G92OZ,564,2022-10-11,Paris,4,636.54
TVOC1B6X,253,2022-11-20,Rome,4,330.33
6JOKL2JI,534,2022-07-07,London,7,304.96
MXVM45AO,170,2022-03-11,London,9,623.4
X4O3CUPW,637,2022-05-20,Paris,6,950.14
BOFL063Y,653,2022-12-21,Paris,9,854.82
J7MW4ZTG,388,2022-06-01,Tokyo,9,986.38
G5OWWFO7,932,2022-06-02,Tokyo,5,534.96
4S9POIHM,29,2022-12-12,London,1,633.22
5RQCB5CD,190,2022-12-31,London,4,165.39
UXG0VT9Q,748,2022-11-28,Rome,2,945.56
CV82S20O,889,2022-01-04,London,5,895.54
6EOIGR80,308,2022-03-22,Barcelona,6,947.99
5ZOBRELV,707,2022-10-31,Tokyo,9,443.59
BTHRL3HU,164,2022-09-11,Tokyo,6,961.65
PZTL4UF0,169,2022-12-18,Rome,1,943.44
T10S89SU,355,2022-08-18,Barcelona,5,679.19
J7U1SK56,460,2022-05-18,London,1,560.89
ZSKNJFMK,863,2022-01-29,Tokyo,1,611.87
6I4H23AG,84,2022-01-11,Paris,9,527.51
4F6Y86L4,407,2022-08-06,Barcelona,9,607.54
BU17ZF7P,30,2022-07-21,London,5,408.98
9T1N8GTP,374,2022-09-29,Tokyo,4,521.85
6FUM0B2D,760,2022-01-24,Paris,1,663.27
A21D9WTX,697,2022-07-09,Rome,10,219.48
ZYAZDHVN,393,2022-02-11,London,6,917.28
7QMBKC8Y,762,2022-03-23,Tokyo,6,492.44
F72TNHMT,125,2022-06-08,London,6,668.62
3L8BWX65,822,2022-08-29,London,9,677.46
IRYR3N5R,361,2022-01-18,Barcelona,6,674.57
P1JKZ498,275,2022-10-02,Rome,2,449.81
7Z9125RH,823,2022-03-01,Rome,4,332.29
7GDYXCN9,487,2022-04-23,Rome,5,600.57
65LQ6P17,444,2022-02-16,Tokyo,10,162.3
F5FUBVLO,370,2022-06-07,London,7,849.61
CTCRDO20,268,2022-08-07,Tokyo,1,488.83
W5DM7GP9,963,2022-04-08,Paris,1,454.61
MESG4FOJ,821,2022-11-23,Paris,10,622.52
7SMIZ0N0,246,2022-09-23,Paris,4,212.39
QVLZYSCP,89,2022-04-06,Paris,2,380.48
HVAK71OU,299,2022-01-18,Barcelona,6,904.82
O3TY3ZTT,282,2022-02-08,Rome,4,134.46
0RT07PV2,470,2022-10-28,Paris,4,509.95
A1VXLB0E,559,2022-05-11,Barcelona,6,989.85
4ART3CTS,872,2022-10-05,Barcelona,7,459.45
V3XL93YL,202,2022-06-05,Tokyo,9,508.96
HZAIAIZM,889,2022-03-17,London,8,362.02
CLS03GK3,944,2022-09-02,London,1,526.57
C1YHG41C,70,2022-05-15,London,4,116.2
9U9R2CU8,739,2022-02-17,London,9,608.19
OTFUUBKY,975,2022-03-07,Barcelona,6,780.27
IORRLIWB,400,2022-12-24,Rome,9,952.94
HWT5WOA0,417,2022-01-29,Tokyo,8,292.75
3U55AQ2K,177,2022-01-10,London,6,983.93
UP6S7HVM,356,2022-05-06,Paris,2,650.07
X1RTY4OF,316,2022-08-30,Barcelona,4,733.63
LNYJ88ZN,967,2022-07-21,Rome,3,561.76
3YGXDAII,791,2022-02-06,Tokyo,4,525.39
5UOBGEGI,468,2022-01-06,Barcelona,1,629.74
C68AY38U,783,2022-07-22,Paris,3,101.22
2PCEUTPK,974,2022-05-10,Paris,8,707.4
8YBL8F0Q,603,2022-03-20,London,10,989.98
FUYWE64H,250,2022-11-11,Rome,1,423.78
VA0EY1CN,598,2022-10-09,Paris,6,963.43
RTQYROF3,734,2022-10-12,Barcelona,2,389.71
EOM9A8JB,774,2022-09-11,Tokyo,8,818.25
NHY4XGKN,378,2022-10-26,Tokyo,7,599.61
XXZPE7FI,113,2022-09-17,London,1,769.1
M5N6LIC1,180,2022-02-22,Rome,5,702.01
4LQZHQ17,972,2022-09-13,Tokyo,8,710.32
FXZ0GF23,522,2022-09-14,Rome,9,189.05
VEACF6RX,752,2022-06-06,Tokyo,1,336.68
9IAZZ37Y,380,2022-12-04,London,7,575.99
2PGC9HZ5,667,2022-02-11,Tokyo,4,458.52
UMJZM0IN,147,2022-11-06,Rome,3,259.07
HJUEHS4U,12,2022-05-16,London,4,358.22
164QZ9BO,122,2022-05-13,Paris,3,222.05
CTKC5IZA,117,2022-06-22,London,9,867.49
NEX6HHV7,363,2022-05-07,Tokyo,3,379.0
UTLSBVFU,324,2022-09-09,Tokyo,2,445.52
T98CMRQI,905,2022-03-26,Rome,10,188.01
BGQ1393T,279,2022-02-16,Rome,7,356.63
9DOZHCLE,908,2022-07-23,London,6,693.06
2KCP6ZFP,652,2022-09-21,Barcelona,10,920.82
OUTFXPK6,129,2022-11-20,Paris,2,242.04
OTIOVT2B,954,2022-09-23,Barcelona,6,264.26
A262TWLZ,363,2022-05-24,Rome,8,346.0
GCK1SXQ8,657,2022-11-07,Paris,4,351.5
43AV2PS1,458,2022-06-21,Tokyo,10,714.42
TQR5PNO6,332,2022-05-03,Barcelona,4,537.59
2ZS9ER4X,798,2022-07-27,Rome,5,974.14
ICSGVYSI,102,2022-06-30,Rome,4,368.21
B2W4TOCQ,400,2022-04-01,Rome,5,326.4
QS2ZHP1S,7,2022-09-13,Rome,4,887.14
XLMO7W84,848,2022-04-26,Rome,1,787.93
CA5YIM7V,793,2022-01-25,Barcelona,7,580.65
M9VW9XEI,136,2022-04-04,Tokyo,6,619.96
I00NJGJD,981,2022-09-12,Barcelona,7,239.22
47GMUCQP,450,2022-05-11,Tokyo,7,926.91
CQBD64UU,75,2022-08-08,Rome,9,897.58
EHQVYBW4,719,2022-11-28,Rome,9,656.11
VOJ6HEVA,42,2022-01-20,Rome,10,291.7
